id_subsistema;nom_subsistema;din_instante;val_cargaenergiamwmed
N;Norte;2025-01-01;7163.46820833
NE;Nordeste;2025-01-01;11925.96770833
S;Sul;2025-01-01;11100.2475
SE;Sudeste/Centro-Oeste;2025-01-01;35903.90045833
N;Norte;2025-01-02;7705.15595833
NE;Nordeste;2025-01-02;13837.74179167
S;Sul;2025-01-02;13346.92175
SE;Sudeste/Centro-Oeste;2025-01-02;42515.2345
N;Norte;2025-01-03;7800.78970833
NE;Nordeste;2025-01-03;14230.539125
S;Sul;2025-01-03;13902.76670833
SE;Sudeste/Centro-Oeste;2025-01-03;44511.483125
N;Norte;2025-01-04;7450.60079167
NE;Nordeste;2025-01-04;13631.72570833
S;Sul;2025-01-04;12999.33008333
SE;Sudeste/Centro-Oeste;2025-01-04;42866.86179167
N;Norte;2025-01-05;7168.76116667
NE;Nordeste;2025-01-05;13033.418625
S;Sul;2025-01-05;12025.148125
SE;Sudeste/Centro-Oeste;2025-01-05;39566.96625
N;Norte;2025-01-06;7659.8265
NE;Nordeste;2025-01-06;14514.239875
S;Sul;2025-01-06;14605.04695833
SE;Sudeste/Centro-Oeste;2025-01-06;45811.22641667
N;Norte;2025-01-07;7788.91083333
NE;Nordeste;2025-01-07;14483.49083333
S;Sul;2025-01-07;15353.33925
SE;Sudeste/Centro-Oeste;2025-01-07;46742.8355
N;Norte;2025-01-08;7784.15675
NE;Nordeste;2025-01-08;14667.06675
S;Sul;2025-01-08;15763.95804167
SE;Sudeste/Centro-Oeste;2025-01-08;47114.19408333
N;Norte;2025-01-09;7829.42
NE;Nordeste;2025-01-09;14771.20779167
S;Sul;2025-01-09;15659.32383333
SE;Sudeste/Centro-Oeste;2025-01-09;46350.036375
N;Norte;2025-01-10;7868.8045
NE;Nordeste;2025-01-10;14400.03791667
S;Sul;2025-01-10;15858.67195833
SE;Sudeste/Centro-Oeste;2025-01-10;45868.24904167
N;Norte;2025-01-11;7632.11179167
NE;Nordeste;2025-01-11;13472.51741667
S;Sul;2025-01-11;13941.50325
SE;Sudeste/Centro-Oeste;2025-01-11;43162.15883333
N;Norte;2025-01-12;7307.23725
NE;Nordeste;2025-01-12;12468.62370833
S;Sul;2025-01-12;12148.76004167
SE;Sudeste/Centro-Oeste;2025-01-12;39757.97575
N;Norte;2025-01-13;7802.83708333
NE;Nordeste;2025-01-13;13291.03045833
S;Sul;2025-01-13;15531.25854167
SE;Sudeste/Centro-Oeste;2025-01-13;45181.728125
N;Norte;2025-01-14;7680.27370833
NE;Nordeste;2025-01-14;13532.02858333
S;Sul;2025-01-14;16397.49045833
SE;Sudeste/Centro-Oeste;2025-01-14;45720.62383333
N;Norte;2025-01-15;7641.602875
NE;Nordeste;2025-01-15;13211.62066667
S;Sul;2025-01-15;16660.528375
SE;Sudeste/Centro-Oeste;2025-01-15;46287.59545833
N;Norte;2025-01-16;7679.46058333
NE;Nordeste;2025-01-16;13185.16016667
S;Sul;2025-01-16;16908.57558333
SE;Sudeste/Centro-Oeste;2025-01-16;47722.29633333
N;Norte;2025-01-17;7677.75333333
NE;Nordeste;2025-01-17;13151.25091667
S;Sul;2025-01-17;17010.2495
SE;Sudeste/Centro-Oeste;2025-01-17;48887.67104167
N;Norte;2025-01-18;7398.0885
NE;Nordeste;2025-01-18;12639.28966667
S;Sul;2025-01-18;15302.06741667
SE;Sudeste/Centro-Oeste;2025-01-18;46063.66275
N;Norte;2025-01-19;6858.350125
NE;Nordeste;2025-01-19;12115.51983333
S;Sul;2025-01-19;13938.62641667
SE;Sudeste/Centro-Oeste;2025-01-19;43781.68758333
N;Norte;2025-01-20;7755.431625
NE;Nordeste;2025-01-20;13243.502375
S;Sul;2025-01-20;16868.91945833
SE;Sudeste/Centro-Oeste;2025-01-20;50517.57879167
N;Norte;2025-01-21;7765.85929167
NE;Nordeste;2025-01-21;13706.212375
S;Sul;2025-01-21;16848.96891667
SE;Sudeste/Centro-Oeste;2025-01-21;53362.516375
N;Norte;2025-01-22;7777.167625
NE;Nordeste;2025-01-22;13763.850125
S;Sul;2025-01-22;17592.585625
SE;Sudeste/Centro-Oeste;2025-01-22;54012.871
N;Norte;2025-01-23;7830.04275
NE;Nordeste;2025-01-23;13461.009125
S;Sul;2025-01-23;17883.68216667
SE;Sudeste/Centro-Oeste;2025-01-23;52777.585125
N;Norte;2025-01-24;7770.6575
NE;Nordeste;2025-01-24;13431.91154167
S;Sul;2025-01-24;17383.731125
SE;Sudeste/Centro-Oeste;2025-01-24;52024.59404167
N;Norte;2025-01-25;7314.75154167
NE;Nordeste;2025-01-25;12665.053875
S;Sul;2025-01-25;14674.21516667
SE;Sudeste/Centro-Oeste;2025-01-25;48700.13366667
N;Norte;2025-01-26;7109.84925
NE;Nordeste;2025-01-26;12003.77775
S;Sul;2025-01-26;12625.20458333
SE;Sudeste/Centro-Oeste;2025-01-26;44930.48495833
N;Norte;2025-01-27;7814.205625
NE;Nordeste;2025-01-27;13198.869625
S;Sul;2025-01-27;16468.24329167
SE;Sudeste/Centro-Oeste;2025-01-27;50163.15441667
N;Norte;2025-01-28;8088.05104167
NE;Nordeste;2025-01-28;13608.34554167
S;Sul;2025-01-28;16625.34654167
SE;Sudeste/Centro-Oeste;2025-01-28;50797.05908333
N;Norte;2025-01-29;8005.18333333
NE;Nordeste;2025-01-29;13561.69041667
S;Sul;2025-01-29;16783.70058333
SE;Sudeste/Centro-Oeste;2025-01-29;50758.94829167
N;Norte;2025-01-30;7850.74945833
NE;Nordeste;2025-01-30;13592.698
S;Sul;2025-01-30;16447.07875
SE;Sudeste/Centro-Oeste;2025-01-30;49544.85808333
N;Norte;2025-01-31;7764.70733333
NE;Nordeste;2025-01-31;13026.52245833
S;Sul;2025-01-31;15543.76075
SE;Sudeste/Centro-Oeste;2025-01-31;47953.30633333
N;Norte;2025-02-01;7429.728875
NE;Nordeste;2025-02-01;12767.80708333
S;Sul;2025-02-01;14424.96095833
SE;Sudeste/Centro-Oeste;2025-02-01;44315.19225
N;Norte;2025-02-02;7129.51754167
NE;Nordeste;2025-02-02;12042.90154167
S;Sul;2025-02-02;13246.718625
SE;Sudeste/Centro-Oeste;2025-02-02;41382.597875
N;Norte;2025-02-03;7579.88079167
NE;Nordeste;2025-02-03;13585.376625
S;Sul;2025-02-03;17375.70320833
SE;Sudeste/Centro-Oeste;2025-02-03;48278.58741667
N;Norte;2025-02-04;7725.14570833
NE;Nordeste;2025-02-04;13495.54429167
S;Sul;2025-02-04;18278.40779167
SE;Sudeste/Centro-Oeste;2025-02-04;49895.70725
N;Norte;2025-02-05;8007.15741667
NE;Nordeste;2025-02-05;13467.02429167
S;Sul;2025-02-05;18382.65433333
SE;Sudeste/Centro-Oeste;2025-02-05;50629.17516667
N;Norte;2025-02-06;7853.70875
NE;Nordeste;2025-02-06;13291.75995833
S;Sul;2025-02-06;17786.51529167
SE;Sudeste/Centro-Oeste;2025-02-06;51543.79925
N;Norte;2025-02-07;7831.03570833
NE;Nordeste;2025-02-07;13363.11366667
S;Sul;2025-02-07;17169.00225
SE;Sudeste/Centro-Oeste;2025-02-07;52244.18804167
N;Norte;2025-02-08;7581.69933333
NE;Nordeste;2025-02-08;12811.02120833
S;Sul;2025-02-08;14837.38170833
SE;Sudeste/Centro-Oeste;2025-02-08;47702.07045833
N;Norte;2025-02-09;7154.383875
NE;Nordeste;2025-02-09;12193.416
S;Sul;2025-02-09;14003.71858333
SE;Sudeste/Centro-Oeste;2025-02-09;44421.54570833
N;Norte;2025-02-10;7614.797125
NE;Nordeste;2025-02-10;13677.59645833
S;Sul;2025-02-10;18254.565125
SE;Sudeste/Centro-Oeste;2025-02-10;51423.63775
N;Norte;2025-02-11;7793.75958333
NE;Nordeste;2025-02-11;13743.749125
S;Sul;2025-02-11;19246.62816667
SE;Sudeste/Centro-Oeste;2025-02-11;52443.61104167
N;Norte;2025-02-12;7845.56554167
NE;Nordeste;2025-02-12;14151.20429167
S;Sul;2025-02-12;18633.130375
SE;Sudeste/Centro-Oeste;2025-02-12;53277.41983333
N;Norte;2025-02-13;7818.87316667
NE;Nordeste;2025-02-13;14221.62470833
S;Sul;2025-02-13;17488.53791667
SE;Sudeste/Centro-Oeste;2025-02-13;53428.73670833
N;Norte;2025-02-14;7685.50275
NE;Nordeste;2025-02-14;14154.28320833
S;Sul;2025-02-14;16758.71229167
SE;Sudeste/Centro-Oeste;2025-02-14;52974.15508333
N;Norte;2025-02-15;7327.09154167
NE;Nordeste;2025-02-15;13573.73404167
S;Sul;2025-02-15;15188.396125
SE;Sudeste/Centro-Oeste;2025-02-15;49033.897375
N;Norte;2025-02-16;6962.76741667
NE;Nordeste;2025-02-16;12769.26320833
S;Sul;2025-02-16;13834.60041667
SE;Sudeste/Centro-Oeste;2025-02-16;46368.36079167
N;Norte;2025-02-17;7524.995
NE;Nordeste;2025-02-17;14107.02820833
S;Sul;2025-02-17;16970.64433333
SE;Sudeste/Centro-Oeste;2025-02-17;54572.624875
N;Norte;2025-02-18;7800.48370833
NE;Nordeste;2025-02-18;14166.531125
S;Sul;2025-02-18;15533.40670833
SE;Sudeste/Centro-Oeste;2025-02-18;55584.89670833
N;Norte;2025-02-19;7871.27925
NE;Nordeste;2025-02-19;14493.52229167
S;Sul;2025-02-19;15197.056875
SE;Sudeste/Centro-Oeste;2025-02-19;54696.46504167
N;Norte;2025-02-20;7873.97533333
NE;Nordeste;2025-02-20;14355.59491667
S;Sul;2025-02-20;16340.33545833
SE;Sudeste/Centro-Oeste;2025-02-20;55196.378625
N;Norte;2025-02-21;7892.43195833
NE;Nordeste;2025-02-21;14418.26683333
S;Sul;2025-02-21;17132.49216667
SE;Sudeste/Centro-Oeste;2025-02-21;54703.32383333
N;Norte;2025-02-22;7622.221875
NE;Nordeste;2025-02-22;13645.283875
S;Sul;2025-02-22;14961.4465
SE;Sudeste/Centro-Oeste;2025-02-22;49920.81533333
N;Norte;2025-02-23;7484.735
NE;Nordeste;2025-02-23;13440.84166667
S;Sul;2025-02-23;13725.58591667
SE;Sudeste/Centro-Oeste;2025-02-23;46244.20245833
N;Norte;2025-02-24;8049.42354167
NE;Nordeste;2025-02-24;14550.43945833
S;Sul;2025-02-24;17867.44504167
SE;Sudeste/Centro-Oeste;2025-02-24;53483.33475
N;Norte;2025-02-25;8009.48045833
NE;Nordeste;2025-02-25;14671.00354167
S;Sul;2025-02-25;19012.32491667
SE;Sudeste/Centro-Oeste;2025-02-25;54124.661125
N;Norte;2025-02-26;8054.28183333
NE;Nordeste;2025-02-26;14770.66520833
S;Sul;2025-02-26;18919.88275
SE;Sudeste/Centro-Oeste;2025-02-26;54135.93466667
N;Norte;2025-02-27;8058.36766667
NE;Nordeste;2025-02-27;14651.26616667
S;Sul;2025-02-27;18171.01354167
SE;Sudeste/Centro-Oeste;2025-02-27;54235.00870833
N;Norte;2025-02-28;8170.38929167
NE;Nordeste;2025-02-28;14138.75183333
S;Sul;2025-02-28;18653.19933333
SE;Sudeste/Centro-Oeste;2025-02-28;53663.72070833
N;Norte;2025-03-01;7930.64029167
NE;Nordeste;2025-03-01;13067.291875
S;Sul;2025-03-01;15892.24533333
SE;Sudeste/Centro-Oeste;2025-03-01;48358.65675
N;Norte;2025-03-02;7589.58033333
NE;Nordeste;2025-03-02;12436.00320833
S;Sul;2025-03-02;14645.464875
SE;Sudeste/Centro-Oeste;2025-03-02;45119.87858333
N;Norte;2025-03-03;7781.50866667
NE;Nordeste;2025-03-03;12763.18054167
S;Sul;2025-03-03;17498.31370833
SE;Sudeste/Centro-Oeste;2025-03-03;47856.34270833
N;Norte;2025-03-04;7600.18720833
NE;Nordeste;2025-03-04;12535.18775
S;Sul;2025-03-04;17594.59866667
SE;Sudeste/Centro-Oeste;2025-03-04;47364.22766667
N;Norte;2025-03-05;7809.69066667
NE;Nordeste;2025-03-05;13471.86741667
S;Sul;2025-03-05;18796.21179167
SE;Sudeste/Centro-Oeste;2025-03-05;50744.58666667
N;Norte;2025-03-06;8063.00929167
NE;Nordeste;2025-03-06;14247.06004167
S;Sul;2025-03-06;18940.43954167
SE;Sudeste/Centro-Oeste;2025-03-06;52042.31520833
N;Norte;2025-03-07;7925.74504167
NE;Nordeste;2025-03-07;14326.12083333
S;Sul;2025-03-07;18686.32470833
SE;Sudeste/Centro-Oeste;2025-03-07;52164.23575
N;Norte;2025-03-08;7627.42875
NE;Nordeste;2025-03-08;13624.05270833
S;Sul;2025-03-08;16613.05916667
SE;Sudeste/Centro-Oeste;2025-03-08;48480.89925
N;Norte;2025-03-09;7523.78766667
NE;Nordeste;2025-03-09;12597.55591667
S;Sul;2025-03-09;13879.61391667
SE;Sudeste/Centro-Oeste;2025-03-09;45590.832375
N;Norte;2025-03-10;8003.20895833
NE;Nordeste;2025-03-10;13791.85725
S;Sul;2025-03-10;15689.47604167
SE;Sudeste/Centro-Oeste;2025-03-10;52586.545625
N;Norte;2025-03-11;8071.790625
NE;Nordeste;2025-03-11;14502.49404167
S;Sul;2025-03-11;16140.8745
SE;Sudeste/Centro-Oeste;2025-03-11;53057.79045833
N;Norte;2025-03-12;8029.66654167
NE;Nordeste;2025-03-12;14852.41745833
S;Sul;2025-03-12;15896.13679167
SE;Sudeste/Centro-Oeste;2025-03-12;52207.535
N;Norte;2025-03-13;8197.1835
NE;Nordeste;2025-03-13;14773.16933333
S;Sul;2025-03-13;16029.00191667
SE;Sudeste/Centro-Oeste;2025-03-13;52614.206
N;Norte;2025-03-14;8152.64116667
NE;Nordeste;2025-03-14;14591.96741667
S;Sul;2025-03-14;15193.57895833
SE;Sudeste/Centro-Oeste;2025-03-14;52025.99679167
N;Norte;2025-03-15;7931.41754167
NE;Nordeste;2025-03-15;13629.064
S;Sul;2025-03-15;13341.89929167
SE;Sudeste/Centro-Oeste;2025-03-15;48471.10245833
N;Norte;2025-03-16;7579.664625
NE;Nordeste;2025-03-16;12887.61570833
S;Sul;2025-03-16;11727.03445833
SE;Sudeste/Centro-Oeste;2025-03-16;44230.10891667
N;Norte;2025-03-17;7974.42575
NE;Nordeste;2025-03-17;14190.8665
S;Sul;2025-03-17;15704.44233333
SE;Sudeste/Centro-Oeste;2025-03-17;49762.941875
N;Norte;2025-03-18;8033.25495833
NE;Nordeste;2025-03-18;14214.4635
S;Sul;2025-03-18;16132.50866667
SE;Sudeste/Centro-Oeste;2025-03-18;50190.14729167
N;Norte;2025-03-19;8069.23291667
NE;Nordeste;2025-03-19;14404.94225
S;Sul;2025-03-19;15569.97970833
SE;Sudeste/Centro-Oeste;2025-03-19;48664.72195833
N;Norte;2025-03-20;8052.1825
NE;Nordeste;2025-03-20;14724.91995833
S;Sul;2025-03-20;15653.02704167
SE;Sudeste/Centro-Oeste;2025-03-20;47096.89608333
N;Norte;2025-03-21;8192.76866667
NE;Nordeste;2025-03-21;14446.65416667
S;Sul;2025-03-21;15539.7825
SE;Sudeste/Centro-Oeste;2025-03-21;47240.64004167
N;Norte;2025-03-22;7754.818875
NE;Nordeste;2025-03-22;13655.82220833
S;Sul;2025-03-22;13784.04366667
SE;Sudeste/Centro-Oeste;2025-03-22;44389.937125
N;Norte;2025-03-23;7600.85958333
NE;Nordeste;2025-03-23;12698.10933333
S;Sul;2025-03-23;12731.25333333
SE;Sudeste/Centro-Oeste;2025-03-23;42198.81875
N;Norte;2025-03-24;8273.21904167
NE;Nordeste;2025-03-24;14094.760625
S;Sul;2025-03-24;16423.86754167
SE;Sudeste/Centro-Oeste;2025-03-24;48138.80125
N;Norte;2025-03-25;8385.097875
NE;Nordeste;2025-03-25;14180.32154167
S;Sul;2025-03-25;16568.3235
SE;Sudeste/Centro-Oeste;2025-03-25;49075.49004167
N;Norte;2025-03-26;8271.78758333
NE;Nordeste;2025-03-26;14470.107125
S;Sul;2025-03-26;15960.01775
SE;Sudeste/Centro-Oeste;2025-03-26;49448.34595833
N;Norte;2025-03-27;8240.90295833
NE;Nordeste;2025-03-27;14358.58558333
S;Sul;2025-03-27;16082.30654167
SE;Sudeste/Centro-Oeste;2025-03-27;48582.57733333
N;Norte;2025-03-28;8172.68420833
NE;Nordeste;2025-03-28;14035.14170833
S;Sul;2025-03-28;15987.204625
SE;Sudeste/Centro-Oeste;2025-03-28;49341.0985
N;Norte;2025-03-29;7865.67179167
NE;Nordeste;2025-03-29;13312.7015
S;Sul;2025-03-29;14060.7875
SE;Sudeste/Centro-Oeste;2025-03-29;46301.18475
N;Norte;2025-03-30;7544.95658333
NE;Nordeste;2025-03-30;12508.44725
S;Sul;2025-03-30;12331.193375
SE;Sudeste/Centro-Oeste;2025-03-30;43139.132125
N;Norte;2025-03-31;8061.73475
NE;Nordeste;2025-03-31;14165.12154167
S;Sul;2025-03-31;16012.86908333
SE;Sudeste/Centro-Oeste;2025-03-31;49690.083375
N;Norte;2025-04-01;8118.594875
NE;Nordeste;2025-04-01;14310.61104167
S;Sul;2025-04-01;15630.17933333
SE;Sudeste/Centro-Oeste;2025-04-01;49972.799625
N;Norte;2025-04-02;8079.168875
NE;Nordeste;2025-04-02;14230.03733333
S;Sul;2025-04-02;15896.805625
SE;Sudeste/Centro-Oeste;2025-04-02;50439.638125
N;Norte;2025-04-03;8123.72108333
NE;Nordeste;2025-04-03;14097.476375
S;Sul;2025-04-03;15548.40279167
SE;Sudeste/Centro-Oeste;2025-04-03;51374.09170833
N;Norte;2025-04-04;8185.91220833
NE;Nordeste;2025-04-04;14102.99495833
S;Sul;2025-04-04;14275.12454167
SE;Sudeste/Centro-Oeste;2025-04-04;50225.32808333
N;Norte;2025-04-05;7898.33008333
NE;Nordeste;2025-04-05;13441.59891667
S;Sul;2025-04-05;11644.12433333
SE;Sudeste/Centro-Oeste;2025-04-05;42676.30391667
N;Norte;2025-04-06;7546.6585
NE;Nordeste;2025-04-06;12474.9985
S;Sul;2025-04-06;10381.11608333
SE;Sudeste/Centro-Oeste;2025-04-06;37781.03958333
N;Norte;2025-04-07;8000.27091667
NE;Nordeste;2025-04-07;13773.887125
S;Sul;2025-04-07;13588.84491667
SE;Sudeste/Centro-Oeste;2025-04-07;43655.10104167
N;Norte;2025-04-08;8088.84591667
NE;Nordeste;2025-04-08;14152.44941667
S;Sul;2025-04-08;14332.99166667
SE;Sudeste/Centro-Oeste;2025-04-08;45054.58695833
N;Norte;2025-04-09;8263.37454167
NE;Nordeste;2025-04-09;14377.69633333
S;Sul;2025-04-09;13795.14133333
SE;Sudeste/Centro-Oeste;2025-04-09;46934.49116667
N;Norte;2025-04-10;8483.53945833
NE;Nordeste;2025-04-10;14506.791875
S;Sul;2025-04-10;13847.61716667
SE;Sudeste/Centro-Oeste;2025-04-10;46582.12154167
N;Norte;2025-04-11;8266.719125
NE;Nordeste;2025-04-11;14595.73379167
S;Sul;2025-04-11;13945.33608333
SE;Sudeste/Centro-Oeste;2025-04-11;45012.83620833
N;Norte;2025-04-12;7716.62254167
NE;Nordeste;2025-04-12;13669.11295833
S;Sul;2025-04-12;12570.007625
SE;Sudeste/Centro-Oeste;2025-04-12;42827.06975
N;Norte;2025-04-13;7508.29329167
NE;Nordeste;2025-04-13;12624.30016667
S;Sul;2025-04-13;10834.809875
SE;Sudeste/Centro-Oeste;2025-04-13;40400.13691667
N;Norte;2025-04-14;8190.81708333
NE;Nordeste;2025-04-14;14231.47654167
S;Sul;2025-04-14;12933.51
SE;Sudeste/Centro-Oeste;2025-04-14;46186.83783333
N;Norte;2025-04-15;8280.554375
NE;Nordeste;2025-04-15;14706.04529167
S;Sul;2025-04-15;13646.552125
SE;Sudeste/Centro-Oeste;2025-04-15;46095.1755
N;Norte;2025-04-16;8552.63591667
NE;Nordeste;2025-04-16;14508.55008333
S;Sul;2025-04-16;14099.86129167
SE;Sudeste/Centro-Oeste;2025-04-16;45835.44991667
N;Norte;2025-04-17;8492.03983333
NE;Nordeste;2025-04-17;14263.22925
S;Sul;2025-04-17;14017.40945833
SE;Sudeste/Centro-Oeste;2025-04-17;45272.78845833
N;Norte;2025-04-18;8050.55166667
NE;Nordeste;2025-04-18;12484.59125
S;Sul;2025-04-18;11212.93295833
SE;Sudeste/Centro-Oeste;2025-04-18;40379.49491667
N;Norte;2025-04-19;8163.46
NE;Nordeste;2025-04-19;12964.9825
S;Sul;2025-04-19;11217.775125
SE;Sudeste/Centro-Oeste;2025-04-19;40563.36558333
N;Norte;2025-04-20;7707.621125
NE;Nordeste;2025-04-20;12581.20829167
S;Sul;2025-04-20;9618.25308333
SE;Sudeste/Centro-Oeste;2025-04-20;37423.33633333
N;Norte;2025-04-21;7895.47395833
NE;Nordeste;2025-04-21;13149.31995833
S;Sul;2025-04-21;10956.022
SE;Sudeste/Centro-Oeste;2025-04-21;38755.57283333
N;Norte;2025-04-22;8373.24379167
NE;Nordeste;2025-04-22;14381.40654167
S;Sul;2025-04-22;13403.02325
SE;Sudeste/Centro-Oeste;2025-04-22;42627.27170833
N;Norte;2025-04-23;8332.405875
NE;Nordeste;2025-04-23;14166.49825
S;Sul;2025-04-23;13836.516125
SE;Sudeste/Centro-Oeste;2025-04-23;43615.27054167
N;Norte;2025-04-24;8247.307625
NE;Nordeste;2025-04-24;14042.12508333
S;Sul;2025-04-24;14329.550125
SE;Sudeste/Centro-Oeste;2025-04-24;45304.77795833
N;Norte;2025-04-25;8352.453375
NE;Nordeste;2025-04-25;14041.55354167
S;Sul;2025-04-25;14316.21825
SE;Sudeste/Centro-Oeste;2025-04-25;46316.99791667
N;Norte;2025-04-26;7927.066875
NE;Nordeste;2025-04-26;13461.74704167
S;Sul;2025-04-26;12806.00404167
SE;Sudeste/Centro-Oeste;2025-04-26;42749.83366667
N;Norte;2025-04-27;7189.60504167
NE;Nordeste;2025-04-27;12278.572125
S;Sul;2025-04-27;11365.02658333
SE;Sudeste/Centro-Oeste;2025-04-27;39664.73845833
N;Norte;2025-04-28;8357.90308333
NE;Nordeste;2025-04-28;14221.83016667
S;Sul;2025-04-28;13525.226375
SE;Sudeste/Centro-Oeste;2025-04-28;46112.70725
N;Norte;2025-04-29;8360.390625
NE;Nordeste;2025-04-29;14661.77608333
S;Sul;2025-04-29;13678.56716667
SE;Sudeste/Centro-Oeste;2025-04-29;45316.10308333
N;Norte;2025-04-30;8244.748875
NE;Nordeste;2025-04-30;14374.96283333
S;Sul;2025-04-30;13698.397
SE;Sudeste/Centro-Oeste;2025-04-30;43767.0415
N;Norte;2025-05-01;7832.86420833
NE;Nordeste;2025-05-01;12880.75054167
S;Sul;2025-05-01;11643.9805
SE;Sudeste/Centro-Oeste;2025-05-01;39260.50120833
N;Norte;2025-05-02;8132.9955
NE;Nordeste;2025-05-02;13577.21270833
S;Sul;2025-05-02;12710.80083333
SE;Sudeste/Centro-Oeste;2025-05-02;40965.45766667
N;Norte;2025-05-03;7991.861375
NE;Nordeste;2025-05-03;12918.39420833
S;Sul;2025-05-03;11612.40304167
SE;Sudeste/Centro-Oeste;2025-05-03;38892.90241667
N;Norte;2025-05-04;7830.12679167
NE;Nordeste;2025-05-04;12280.501625
S;Sul;2025-05-04;10431.47191667
SE;Sudeste/Centro-Oeste;2025-05-04;36659.79220833
N;Norte;2025-05-05;8375.60820833
NE;Nordeste;2025-05-05;13839.86858333
S;Sul;2025-05-05;13889.81525
SE;Sudeste/Centro-Oeste;2025-05-05;42296.1825
N;Norte;2025-05-06;8469.785
NE;Nordeste;2025-05-06;14006.74333333
S;Sul;2025-05-06;14559.39670833
SE;Sudeste/Centro-Oeste;2025-05-06;43523.02254167
N;Norte;2025-05-07;8395.21183333
NE;Nordeste;2025-05-07;14026.49854167
S;Sul;2025-05-07;14816.14666667
SE;Sudeste/Centro-Oeste;2025-05-07;44369.300625
N;Norte;2025-05-08;8390.27508333
NE;Nordeste;2025-05-08;14066.06158333
S;Sul;2025-05-08;14898.93466667
SE;Sudeste/Centro-Oeste;2025-05-08;44793.75525
N;Norte;2025-05-09;8410.05225
NE;Nordeste;2025-05-09;14138.12270833
S;Sul;2025-05-09;14850.05145833
SE;Sudeste/Centro-Oeste;2025-05-09;46114.91866667
N;Norte;2025-05-10;8084.70358333
NE;Nordeste;2025-05-10;13305.51266667
S;Sul;2025-05-10;11531.26070833
SE;Sudeste/Centro-Oeste;2025-05-10;43340.58779167
N;Norte;2025-05-11;7673.50870833
NE;Nordeste;2025-05-11;12532.13479167
S;Sul;2025-05-11;9528.94529167
SE;Sudeste/Centro-Oeste;2025-05-11;37634.59075
N;Norte;2025-05-12;8161.650125
NE;Nordeste;2025-05-12;13885.39858333
S;Sul;2025-05-12;12739.33558333
SE;Sudeste/Centro-Oeste;2025-05-12;42095.758375
N;Norte;2025-05-13;8143.47904167
NE;Nordeste;2025-05-13;13872.84045833
S;Sul;2025-05-13;13656.691
SE;Sudeste/Centro-Oeste;2025-05-13;42805.527625
N;Norte;2025-05-14;8098.24933333
NE;Nordeste;2025-05-14;13688.648375
S;Sul;2025-05-14;13781.63266667
SE;Sudeste/Centro-Oeste;2025-05-14;42054.66558333
N;Norte;2025-05-15;7971.60891667
NE;Nordeste;2025-05-15;13567.9955
S;Sul;2025-05-15;13689.69945833
SE;Sudeste/Centro-Oeste;2025-05-15;42459.98904167
N;Norte;2025-05-16;7979.78925
NE;Nordeste;2025-05-16;13413.70208333
S;Sul;2025-05-16;13680.793625
SE;Sudeste/Centro-Oeste;2025-05-16;42921.19383333
N;Norte;2025-05-17;7806.01883333
NE;Nordeste;2025-05-17;12780.9815
S;Sul;2025-05-17;12023.09520833
SE;Sudeste/Centro-Oeste;2025-05-17;40632.53891667
N;Norte;2025-05-18;7478.67991667
NE;Nordeste;2025-05-18;12134.634
S;Sul;2025-05-18;10680.65283333
SE;Sudeste/Centro-Oeste;2025-05-18;37641.51725
N;Norte;2025-05-19;8110.24720833
NE;Nordeste;2025-05-19;13401.20195833
S;Sul;2025-05-19;13764.68220833
SE;Sudeste/Centro-Oeste;2025-05-19;43674.58854167
N;Norte;2025-05-20;8185.36770833
NE;Nordeste;2025-05-20;13525.451
S;Sul;2025-05-20;14320.18325
SE;Sudeste/Centro-Oeste;2025-05-20;44395.49533333
N;Norte;2025-05-21;8213.073875
NE;Nordeste;2025-05-21;13304.17270833
S;Sul;2025-05-21;14140.46629167
SE;Sudeste/Centro-Oeste;2025-05-21;44729.528875
N;Norte;2025-05-22;8310.39829167
NE;Nordeste;2025-05-22;13160.18258333
S;Sul;2025-05-22;13953.08108333
SE;Sudeste/Centro-Oeste;2025-05-22;44692.74208333
N;Norte;2025-05-23;8380.59979167
NE;Nordeste;2025-05-23;13512.81970833
S;Sul;2025-05-23;13431.507
SE;Sudeste/Centro-Oeste;2025-05-23;44286.87695833
N;Norte;2025-05-24;8024.37070833
NE;Nordeste;2025-05-24;13067.80183333
S;Sul;2025-05-24;11786.2165
SE;Sudeste/Centro-Oeste;2025-05-24;40164.14704167
N;Norte;2025-05-25;7793.28754167
NE;Nordeste;2025-05-25;11971.29770833
S;Sul;2025-05-25;10255.46654167
SE;Sudeste/Centro-Oeste;2025-05-25;36510.313
N;Norte;2025-05-26;8428.12183333
NE;Nordeste;2025-05-26;12936.48041667
S;Sul;2025-05-26;13245.38491667
SE;Sudeste/Centro-Oeste;2025-05-26;42070.78854167
N;Norte;2025-05-27;8343.93233333
NE;Nordeste;2025-05-27;13406.05041667
S;Sul;2025-05-27;13852.55241667
SE;Sudeste/Centro-Oeste;2025-05-27;43154.15933333
N;Norte;2025-05-28;8411.25108333
NE;Nordeste;2025-05-28;13555.292125
S;Sul;2025-05-28;13419.74258333
SE;Sudeste/Centro-Oeste;2025-05-28;43255.349375
N;Norte;2025-05-29;8560.16895833
NE;Nordeste;2025-05-29;13586.032625
S;Sul;2025-05-29;13072.04475
SE;Sudeste/Centro-Oeste;2025-05-29;41524.10066667
N;Norte;2025-05-30;8463.75075
NE;Nordeste;2025-05-30;13712.078625
S;Sul;2025-05-30;13117.3105
SE;Sudeste/Centro-Oeste;2025-05-30;41642.29708333
N;Norte;2025-05-31;8130.70729167
NE;Nordeste;2025-05-31;12936.13620833
S;Sul;2025-05-31;11274.46633333
SE;Sudeste/Centro-Oeste;2025-05-31;38984.54979167
N;Norte;2025-06-01;7779.41541667
NE;Nordeste;2025-06-01;11932.67016667
S;Sul;2025-06-01;9908.77166667
SE;Sudeste/Centro-Oeste;2025-06-01;36067.29995833
N;Norte;2025-06-02;8326.88475
NE;Nordeste;2025-06-02;13326.45920833
S;Sul;2025-06-02;13363.230125
SE;Sudeste/Centro-Oeste;2025-06-02;41937.34091667
N;Norte;2025-06-03;8421.61004167
NE;Nordeste;2025-06-03;13527.20220833
S;Sul;2025-06-03;13709.692125
SE;Sudeste/Centro-Oeste;2025-06-03;43692.55658333
N;Norte;2025-06-04;8435.95858333
NE;Nordeste;2025-06-04;13414.849375
S;Sul;2025-06-04;13558.11045833
SE;Sudeste/Centro-Oeste;2025-06-04;44160.42291667
N;Norte;2025-06-05;8435.66641667
NE;Nordeste;2025-06-05;13456.05133333
S;Sul;2025-06-05;13373.74775
SE;Sudeste/Centro-Oeste;2025-06-05;44661.5405
N;Norte;2025-06-06;8451.736875
NE;Nordeste;2025-06-06;13413.49433333
S;Sul;2025-06-06;13130.86995833
SE;Sudeste/Centro-Oeste;2025-06-06;44631.0585
N;Norte;2025-06-07;8138.5205
NE;Nordeste;2025-06-07;12845.90591667
S;Sul;2025-06-07;11562.725375
SE;Sudeste/Centro-Oeste;2025-06-07;41515.36116667
N;Norte;2025-06-08;7696.24966667
NE;Nordeste;2025-06-08;11938.357625
S;Sul;2025-06-08;10164.276125
SE;Sudeste/Centro-Oeste;2025-06-08;38129.9915
N;Norte;2025-06-09;8286.66608333
NE;Nordeste;2025-06-09;13175.673625
S;Sul;2025-06-09;13301.588625
SE;Sudeste/Centro-Oeste;2025-06-09;43324.72208333
N;Norte;2025-06-10;8285.693875
NE;Nordeste;2025-06-10;13539.57233333
S;Sul;2025-06-10;13787.0455
SE;Sudeste/Centro-Oeste;2025-06-10;43290.95075
N;Norte;2025-06-11;8308.03616667
NE;Nordeste;2025-06-11;13681.331375
S;Sul;2025-06-11;13791.57566667
SE;Sudeste/Centro-Oeste;2025-06-11;42202.64304167
N;Norte;2025-06-12;8076.88670833
NE;Nordeste;2025-06-12;13603.320125
S;Sul;2025-06-12;13811.5795
SE;Sudeste/Centro-Oeste;2025-06-12;41212.13825
N;Norte;2025-06-13;7973.8795
NE;Nordeste;2025-06-13;13292.25470833
S;Sul;2025-06-13;13749.15875
SE;Sudeste/Centro-Oeste;2025-06-13;40627.41325
N;Norte;2025-06-14;7757.65579167
NE;Nordeste;2025-06-14;12292.20595833
S;Sul;2025-06-14;12315.25691667
SE;Sudeste/Centro-Oeste;2025-06-14;38458.80554167
N;Norte;2025-06-15;7418.73795833
NE;Nordeste;2025-06-15;11616.95183333
S;Sul;2025-06-15;10273.900625
SE;Sudeste/Centro-Oeste;2025-06-15;35887.06008333
N;Norte;2025-06-16;8058.314
NE;Nordeste;2025-06-16;13060.62645833
S;Sul;2025-06-16;13127.36054167
SE;Sudeste/Centro-Oeste;2025-06-16;41334.69070833
N;Norte;2025-06-17;8286.86045833
NE;Nordeste;2025-06-17;13076.708125
S;Sul;2025-06-17;13690.98208333
SE;Sudeste/Centro-Oeste;2025-06-17;42026.39933333
N;Norte;2025-06-18;8382.31770833
NE;Nordeste;2025-06-18;12920.220625
S;Sul;2025-06-18;13573.1355
SE;Sudeste/Centro-Oeste;2025-06-18;42322.42458333
N;Norte;2025-06-19;8025.08225
NE;Nordeste;2025-06-19;12319.325
S;Sul;2025-06-19;12243.26666667
SE;Sudeste/Centro-Oeste;2025-06-19;40020.98033333
N;Norte;2025-06-20;8226.80408333
NE;Nordeste;2025-06-20;12694.90358333
S;Sul;2025-06-20;12513.63091667
SE;Sudeste/Centro-Oeste;2025-06-20;41220.95691667
N;Norte;2025-06-21;7867.161625
NE;Nordeste;2025-06-21;12186.791625
S;Sul;2025-06-21;10845.4145
SE;Sudeste/Centro-Oeste;2025-06-21;38661.64158333
N;Norte;2025-06-22;7394.48533333
NE;Nordeste;2025-06-22;11332.294375
S;Sul;2025-06-22;10152.83766667
SE;Sudeste/Centro-Oeste;2025-06-22;36264.75254167
N;Norte;2025-06-23;8158.665125
NE;Nordeste;2025-06-23;12246.42854167
S;Sul;2025-06-23;13019.08070833
SE;Sudeste/Centro-Oeste;2025-06-23;42963.69341667
N;Norte;2025-06-24;8369.59104167
NE;Nordeste;2025-06-24;12247.297
S;Sul;2025-06-24;13509.26716667
SE;Sudeste/Centro-Oeste;2025-06-24;43314.25279167
N;Norte;2025-06-25;8301.33891667
NE;Nordeste;2025-06-25;13106.56025
S;Sul;2025-06-25;13538.89066667
SE;Sudeste/Centro-Oeste;2025-06-25;41131.04083333
N;Norte;2025-06-26;8002.220375
NE;Nordeste;2025-06-26;13282.41829167
S;Sul;2025-06-26;14258.60075
SE;Sudeste/Centro-Oeste;2025-06-26;41932.38816667
N;Norte;2025-06-27;8295.82320833
NE;Nordeste;2025-06-27;13047.726125
S;Sul;2025-06-27;13907.72045833
SE;Sudeste/Centro-Oeste;2025-06-27;42865.12104167
N;Norte;2025-06-28;7923.999125
NE;Nordeste;2025-06-28;12468.901
S;Sul;2025-06-28;12203.131875
SE;Sudeste/Centro-Oeste;2025-06-28;39850.40116667
N;Norte;2025-06-29;7618.910125
NE;Nordeste;2025-06-29;11230.67004167
S;Sul;2025-06-29;10657.43375
SE;Sudeste/Centro-Oeste;2025-06-29;36293.480625
N;Norte;2025-06-30;8146.16254167
NE;Nordeste;2025-06-30;12586.809375
S;Sul;2025-06-30;14092.1745
SE;Sudeste/Centro-Oeste;2025-06-30;41754.35858333
N;Norte;2025-07-01;8149.46825
NE;Nordeste;2025-07-01;12628.42695833
S;Sul;2025-07-01;14605.01908333
SE;Sudeste/Centro-Oeste;2025-07-01;41933.48616667
N;Norte;2025-07-02;8140.40083333
NE;Nordeste;2025-07-02;12546.51429167
S;Sul;2025-07-02;14679.02004167
SE;Sudeste/Centro-Oeste;2025-07-02;41330.44429167
N;Norte;2025-07-03;8115.70604167
NE;Nordeste;2025-07-03;12457.45520833
S;Sul;2025-07-03;14528.24858333
SE;Sudeste/Centro-Oeste;2025-07-03;40933.741125
N;Norte;2025-07-04;7864.13070833
NE;Nordeste;2025-07-04;12555.02679167
S;Sul;2025-07-04;14014.047
SE;Sudeste/Centro-Oeste;2025-07-04;40997.52404167
N;Norte;2025-07-05;7571.19116667
NE;Nordeste;2025-07-05;11983.365625
S;Sul;2025-07-05;11736.92429167
SE;Sudeste/Centro-Oeste;2025-07-05;37419.487
N;Norte;2025-07-06;7430.91029167
NE;Nordeste;2025-07-06;11239.86529167
S;Sul;2025-07-06;10307.152875
SE;Sudeste/Centro-Oeste;2025-07-06;34059.09425
N;Norte;2025-07-07;8033.890125
NE;Nordeste;2025-07-07;12580.45104167
S;Sul;2025-07-07;15340.716
SE;Sudeste/Centro-Oeste;2025-07-07;39598.34025
N;Norte;2025-07-08;8189.60554167
NE;Nordeste;2025-07-08;12365.461875
S;Sul;2025-07-08;13592.032875
SE;Sudeste/Centro-Oeste;2025-07-08;40906.20075
N;Norte;2025-07-09;8244.07258333
NE;Nordeste;2025-07-09;12450.82466667
S;Sul;2025-07-09;14087.76866667
SE;Sudeste/Centro-Oeste;2025-07-09;40027.38016667
N;Norte;2025-07-10;8235.40033333
NE;Nordeste;2025-07-10;12419.73291667
S;Sul;2025-07-10;14102.46579167
SE;Sudeste/Centro-Oeste;2025-07-10;41633.60695833
N;Norte;2025-07-11;8293.065875
NE;Nordeste;2025-07-11;12314.47583333
S;Sul;2025-07-11;14100.786875
SE;Sudeste/Centro-Oeste;2025-07-11;41820.30791667
N;Norte;2025-07-12;7970.20045833
NE;Nordeste;2025-07-12;11641.86675
S;Sul;2025-07-12;12243.08841667
SE;Sudeste/Centro-Oeste;2025-07-12;38733.84279167
N;Norte;2025-07-13;7515.45066667
NE;Nordeste;2025-07-13;10761.74916667
S;Sul;2025-07-13;10608.55170833
SE;Sudeste/Centro-Oeste;2025-07-13;35212.56345833
N;Norte;2025-07-14;7992.16229167
NE;Nordeste;2025-07-14;11991.7585
S;Sul;2025-07-14;13529.67458333
SE;Sudeste/Centro-Oeste;2025-07-14;40967.04954167
N;Norte;2025-07-15;8138.02345833
NE;Nordeste;2025-07-15;12259.57991667
S;Sul;2025-07-15;14031.29008333
SE;Sudeste/Centro-Oeste;2025-07-15;42143.51695833
N;Norte;2025-07-16;8132.64825
NE;Nordeste;2025-07-16;12250.83775
S;Sul;2025-07-16;14318.21404167
SE;Sudeste/Centro-Oeste;2025-07-16;41929.491625
N;Norte;2025-07-17;8207.68929167
NE;Nordeste;2025-07-17;12444.419125
S;Sul;2025-07-17;14550.15566667
SE;Sudeste/Centro-Oeste;2025-07-17;42333.345625
N;Norte;2025-07-18;8254.44545833
NE;Nordeste;2025-07-18;12614.49241667
S;Sul;2025-07-18;14248.240125
SE;Sudeste/Centro-Oeste;2025-07-18;42061.91833333
N;Norte;2025-07-19;8004.79425
NE;Nordeste;2025-07-19;12178.93645833
S;Sul;2025-07-19;12173.4525
SE;Sudeste/Centro-Oeste;2025-07-19;38428.12895833
N;Norte;2025-07-20;7692.08045833
NE;Nordeste;2025-07-20;11160.79929167
S;Sul;2025-07-20;10696.37158333
SE;Sudeste/Centro-Oeste;2025-07-20;35112.60745833
N;Norte;2025-07-21;8286.21295833
NE;Nordeste;2025-07-21;12326.604
S;Sul;2025-07-21;13767.662125
SE;Sudeste/Centro-Oeste;2025-07-21;41048.23429167
N;Norte;2025-07-22;8428.86416667
NE;Nordeste;2025-07-22;12451.02675
S;Sul;2025-07-22;14323.92133333
SE;Sudeste/Centro-Oeste;2025-07-22;42606.05183333
N;Norte;2025-07-23;8478.2155
NE;Nordeste;2025-07-23;12704.60670833
S;Sul;2025-07-23;15487.24795833
SE;Sudeste/Centro-Oeste;2025-07-23;42843.44404167
N;Norte;2025-07-24;8554.35258333
NE;Nordeste;2025-07-24;12651.271375
S;Sul;2025-07-24;14963.90266667
SE;Sudeste/Centro-Oeste;2025-07-24;42889.30725
N;Norte;2025-07-25;8636.227625
NE;Nordeste;2025-07-25;12434.23966667
S;Sul;2025-07-25;13598.16925
SE;Sudeste/Centro-Oeste;2025-07-25;42708.71175
N;Norte;2025-07-26;8241.87654167
NE;Nordeste;2025-07-26;11777.58904167
S;Sul;2025-07-26;11914.406125
SE;Sudeste/Centro-Oeste;2025-07-26;39020.400375
N;Norte;2025-07-27;7896.08191667
NE;Nordeste;2025-07-27;11167.92483333
S;Sul;2025-07-27;10932.71125
SE;Sudeste/Centro-Oeste;2025-07-27;36017.95554167
N;Norte;2025-07-28;8526.7855
NE;Nordeste;2025-07-28;12145.567125
S;Sul;2025-07-28;13005.73616667
SE;Sudeste/Centro-Oeste;2025-07-28;42515.09004167
N;Norte;2025-07-29;8697.87008333
NE;Nordeste;2025-07-29;12482.842375
S;Sul;2025-07-29;13309.364625
SE;Sudeste/Centro-Oeste;2025-07-29;41791.86283333
N;Norte;2025-07-30;8771.67933333
NE;Nordeste;2025-07-30;12718.01129167
S;Sul;2025-07-30;13421.19579167
SE;Sudeste/Centro-Oeste;2025-07-30;40661.410375
N;Norte;2025-07-31;8524.22245833
NE;Nordeste;2025-07-31;12796.918875
S;Sul;2025-07-31;13200.95604167
SE;Sudeste/Centro-Oeste;2025-07-31;41372.37025
N;Norte;2025-08-01;8374.40666667
NE;Nordeste;2025-08-01;12684.97945833
S;Sul;2025-08-01;13247.98116667
SE;Sudeste/Centro-Oeste;2025-08-01;41481.145
N;Norte;2025-08-02;8057.03145833
NE;Nordeste;2025-08-02;12116.47775
S;Sul;2025-08-02;11411.26408333
SE;Sudeste/Centro-Oeste;2025-08-02;38572.40591667
N;Norte;2025-08-03;7851.48708333
NE;Nordeste;2025-08-03;11453.76754167
S;Sul;2025-08-03;10461.41295833
SE;Sudeste/Centro-Oeste;2025-08-03;35207.25908333
N;Norte;2025-08-04;8554.59229167
NE;Nordeste;2025-08-04;12580.54554167
S;Sul;2025-08-04;13190.61941667
SE;Sudeste/Centro-Oeste;2025-08-04;41038.911875
N;Norte;2025-08-05;8800.90629167
NE;Nordeste;2025-08-05;12822.288625
S;Sul;2025-08-05;13168.38125
SE;Sudeste/Centro-Oeste;2025-08-05;42677.83504167
N;Norte;2025-08-06;8785.400625
NE;Nordeste;2025-08-06;12932.72079167
S;Sul;2025-08-06;13149.64170833
SE;Sudeste/Centro-Oeste;2025-08-06;41971.73720833
N;Norte;2025-08-07;8713.16079167
NE;Nordeste;2025-08-07;12944.60745833
S;Sul;2025-08-07;13176.38504167
SE;Sudeste/Centro-Oeste;2025-08-07;42454.31370833
N;Norte;2025-08-08;8557.69454167
NE;Nordeste;2025-08-08;12833.80633333
S;Sul;2025-08-08;13618.97608333
SE;Sudeste/Centro-Oeste;2025-08-08;42748.43758333
N;Norte;2025-08-09;8108.47595833
NE;Nordeste;2025-08-09;12333.25591667
S;Sul;2025-08-09;11282.78658333
SE;Sudeste/Centro-Oeste;2025-08-09;38429.36641667
N;Norte;2025-08-10;7790.98204167
NE;Nordeste;2025-08-10;11672.310125
S;Sul;2025-08-10;9481.53041667
SE;Sudeste/Centro-Oeste;2025-08-10;33992.91741667
N;Norte;2025-08-11;8551.41270833
NE;Nordeste;2025-08-11;12961.0825
S;Sul;2025-08-11;12809.23970833
SE;Sudeste/Centro-Oeste;2025-08-11;39449.778625
N;Norte;2025-08-12;8610.24258333
NE;Nordeste;2025-08-12;12951.576625
S;Sul;2025-08-12;13292.71808333
SE;Sudeste/Centro-Oeste;2025-08-12;40629.72383333
N;Norte;2025-08-13;8652.53425
NE;Nordeste;2025-08-13;12915.90441667
S;Sul;2025-08-13;13282.91158333
SE;Sudeste/Centro-Oeste;2025-08-13;41211.44675
N;Norte;2025-08-14;8667.222875
NE;Nordeste;2025-08-14;12764.67154167
S;Sul;2025-08-14;13631.05179167
SE;Sudeste/Centro-Oeste;2025-08-14;41969.38866667
N;Norte;2025-08-15;8528.9035
NE;Nordeste;2025-08-15;12806.08316667
S;Sul;2025-08-15;13571.784875
SE;Sudeste/Centro-Oeste;2025-08-15;41840.33954167
N;Norte;2025-08-16;8405.152875
NE;Nordeste;2025-08-16;11971.59516667
S;Sul;2025-08-16;11630.93825
SE;Sudeste/Centro-Oeste;2025-08-16;39147.65141667
N;Norte;2025-08-17;8170.58575
NE;Nordeste;2025-08-17;11051.2635
S;Sul;2025-08-17;10248.027875
SE;Sudeste/Centro-Oeste;2025-08-17;35971.15758333
N;Norte;2025-08-18;8791.953875
NE;Nordeste;2025-08-18;11919.1555
S;Sul;2025-08-18;13675.00358333
SE;Sudeste/Centro-Oeste;2025-08-18;42239.471125
N;Norte;2025-08-19;8994.774375
NE;Nordeste;2025-08-19;12428.65770833
S;Sul;2025-08-19;13995.6225
SE;Sudeste/Centro-Oeste;2025-08-19;43374.494
N;Norte;2025-08-20;9064.63458333
NE;Nordeste;2025-08-20;12315.32966667
S;Sul;2025-08-20;13720.606625
SE;Sudeste/Centro-Oeste;2025-08-20;44074.51679167
N;Norte;2025-08-21;9042.4215
NE;Nordeste;2025-08-21;12591.94179167
S;Sul;2025-08-21;13572.00325
SE;Sudeste/Centro-Oeste;2025-08-21;45226.72354167
N;Norte;2025-08-22;9083.67183333
NE;Nordeste;2025-08-22;12288.56354167
S;Sul;2025-08-22;13835.93554167
SE;Sudeste/Centro-Oeste;2025-08-22;45345.91029167
N;Norte;2025-08-23;8720.38795833
NE;Nordeste;2025-08-23;12202.49325
S;Sul;2025-08-23;12249.09704167
SE;Sudeste/Centro-Oeste;2025-08-23;42218.78579167
N;Norte;2025-08-24;8342.44133333
NE;Nordeste;2025-08-24;11622.84466667
S;Sul;2025-08-24;10481.766875
SE;Sudeste/Centro-Oeste;2025-08-24;38034.43966667
N;Norte;2025-08-25;9039.97254167
NE;Nordeste;2025-08-25;12724.70641667
S;Sul;2025-08-25;13078.13583333
SE;Sudeste/Centro-Oeste;2025-08-25;43194.15575
N;Norte;2025-08-26;9035.87825
NE;Nordeste;2025-08-26;13030.56433333
S;Sul;2025-08-26;13635.62258333
SE;Sudeste/Centro-Oeste;2025-08-26;43949.52491667
N;Norte;2025-08-27;9017.92258333
NE;Nordeste;2025-08-27;12850.16495833
S;Sul;2025-08-27;12966.15041667
SE;Sudeste/Centro-Oeste;2025-08-27;44152.6905
N;Norte;2025-08-28;9070.25633333
NE;Nordeste;2025-08-28;13149.25004167
S;Sul;2025-08-28;12577.74379167
SE;Sudeste/Centro-Oeste;2025-08-28;44449.00533333
N;Norte;2025-08-29;9058.53583333
NE;Nordeste;2025-08-29;13036.267875
S;Sul;2025-08-29;12634.26295833
SE;Sudeste/Centro-Oeste;2025-08-29;44479.585375
N;Norte;2025-08-30;8530.05758333
NE;Nordeste;2025-08-30;12243.67904167
S;Sul;2025-08-30;10763.14116667
SE;Sudeste/Centro-Oeste;2025-08-30;40381.09579167
N;Norte;2025-08-31;8128.45858333
NE;Nordeste;2025-08-31;11737.51595833
S;Sul;2025-08-31;9641.72458333
SE;Sudeste/Centro-Oeste;2025-08-31;36582.993875
N;Norte;2025-09-01;8788.29866667
NE;Nordeste;2025-09-01;12751.68029167
S;Sul;2025-09-01;12984.6455
SE;Sudeste/Centro-Oeste;2025-09-01;42785.94545833
N;Norte;2025-09-02;8919.50245833
NE;Nordeste;2025-09-02;12904.43075
S;Sul;2025-09-02;13604.20516667
SE;Sudeste/Centro-Oeste;2025-09-02;44240.86716667
N;Norte;2025-09-03;8954.603
NE;Nordeste;2025-09-03;12851.36775
S;Sul;2025-09-03;13775.76766667
SE;Sudeste/Centro-Oeste;2025-09-03;44198.15020833
N;Norte;2025-09-04;8843.658125
NE;Nordeste;2025-09-04;12833.21245833
S;Sul;2025-09-04;14046.97654167
SE;Sudeste/Centro-Oeste;2025-09-04;44525.46195833
N;Norte;2025-09-05;8792.32808333
NE;Nordeste;2025-09-05;12930.93475
S;Sul;2025-09-05;13660.46570833
SE;Sudeste/Centro-Oeste;2025-09-05;44628.45175
N;Norte;2025-09-06;8507.05395833
NE;Nordeste;2025-09-06;12278.92833333
S;Sul;2025-09-06;11318.066125
SE;Sudeste/Centro-Oeste;2025-09-06;39931.05479167
N;Norte;2025-09-07;8109.647625
NE;Nordeste;2025-09-07;11524.96858333
S;Sul;2025-09-07;9795.69733333
SE;Sudeste/Centro-Oeste;2025-09-07;36617.81845833
N;Norte;2025-09-08;8725.80245833
NE;Nordeste;2025-09-08;12816.41833333
S;Sul;2025-09-08;13134.0205
SE;Sudeste/Centro-Oeste;2025-09-08;43537.65979167
N;Norte;2025-09-09;9061.45383333
NE;Nordeste;2025-09-09;13249.460375
S;Sul;2025-09-09;13025.482125
SE;Sudeste/Centro-Oeste;2025-09-09;46062.31379167
N;Norte;2025-09-10;8857.8235
NE;Nordeste;2025-09-10;13419.612
S;Sul;2025-09-10;12691.716625
SE;Sudeste/Centro-Oeste;2025-09-10;45271.73958333
N;Norte;2025-09-11;9222.86425
NE;Nordeste;2025-09-11;13476.91841667
S;Sul;2025-09-11;12962.540375
SE;Sudeste/Centro-Oeste;2025-09-11;45526.21270833
N;Norte;2025-09-12;9210.306875
NE;Nordeste;2025-09-12;13235.15995833
S;Sul;2025-09-12;12866.36504167
SE;Sudeste/Centro-Oeste;2025-09-12;45366.083625
N;Norte;2025-09-13;8609.07225
NE;Nordeste;2025-09-13;13185.94933333
S;Sul;2025-09-13;11225.383375
SE;Sudeste/Centro-Oeste;2025-09-13;41379.738875
N;Norte;2025-09-14;8353.007
NE;Nordeste;2025-09-14;12236.36604167
S;Sul;2025-09-14;10014.450125
SE;Sudeste/Centro-Oeste;2025-09-14;37917.15479167
N;Norte;2025-09-15;9138.41875
NE;Nordeste;2025-09-15;13314.21766667
S;Sul;2025-09-15;13377.86945833
SE;Sudeste/Centro-Oeste;2025-09-15;44244.88483333
N;Norte;2025-09-16;9349.47258333
NE;Nordeste;2025-09-16;13050.89145833
S;Sul;2025-09-16;13662.37233333
SE;Sudeste/Centro-Oeste;2025-09-16;44791.37241667
N;Norte;2025-09-17;9229.54958333
NE;Nordeste;2025-09-17;13341.09910417
S;Sul;2025-09-17;13769.702125
SE;Sudeste/Centro-Oeste;2025-09-17;44145.92479167
N;Norte;2025-09-18;9156.78533333
NE;Nordeste;2025-09-18;13484.99004167
S;Sul;2025-09-18;13824.59866667
SE;Sudeste/Centro-Oeste;2025-09-18;44093.93879167
N;Norte;2025-09-19;9258.12066667
NE;Nordeste;2025-09-19;13653.148125
S;Sul;2025-09-19;14018.983
SE;Sudeste/Centro-Oeste;2025-09-19;45170.88108333
N;Norte;2025-09-20;8953.70529167
NE;Nordeste;2025-09-20;13074.05791667
S;Sul;2025-09-20;12358.82075
SE;Sudeste/Centro-Oeste;2025-09-20;42290.73579167
N;Norte;2025-09-21;8615.24333333
NE;Nordeste;2025-09-21;12269.94666667
S;Sul;2025-09-21;10966.63041667
SE;Sudeste/Centro-Oeste;2025-09-21;40399.05075
N;Norte;2025-09-22;9272.68116667
NE;Nordeste;2025-09-22;13642.89970833
S;Sul;2025-09-22;12680.71591667
SE;Sudeste/Centro-Oeste;2025-09-22;46284.62229167
N;Norte;2025-09-23;9309.44470833
NE;Nordeste;2025-09-23;13900.21133333
S;Sul;2025-09-23;12367.77020833
SE;Sudeste/Centro-Oeste;2025-09-23;44285.757375
N;Norte;2025-09-24;9248.548625
NE;Nordeste;2025-09-24;14095.39979167
S;Sul;2025-09-24;12472.79958333
SE;Sudeste/Centro-Oeste;2025-09-24;43634.139125
N;Norte;2025-09-25;9262.42995833
NE;Nordeste;2025-09-25;13804.42766667
S;Sul;2025-09-25;12705.031125
SE;Sudeste/Centro-Oeste;2025-09-25;41689.40425
N;Norte;2025-09-26;9190.590875
NE;Nordeste;2025-09-26;13593.56433333
S;Sul;2025-09-26;12565.57483333
SE;Sudeste/Centro-Oeste;2025-09-26;40746.89858333
N;Norte;2025-09-27;8684.69433333
NE;Nordeste;2025-09-27;12391.929875
S;Sul;2025-09-27;11043.201625
SE;Sudeste/Centro-Oeste;2025-09-27;37785.30783333
N;Norte;2025-09-28;8257.54879167
NE;Nordeste;2025-09-28;11747.23383333
S;Sul;2025-09-28;9994.65708333
SE;Sudeste/Centro-Oeste;2025-09-28;35828.939125
N;Norte;2025-09-29;8951.75754167
NE;Nordeste;2025-09-29;12857.01129167
S;Sul;2025-09-29;12968.09929167
SE;Sudeste/Centro-Oeste;2025-09-29;42772.096625
N;Norte;2025-09-30;9108.31683333
NE;Nordeste;2025-09-30;13180.60991667
S;Sul;2025-09-30;14003.75804167
SE;Sudeste/Centro-Oeste;2025-09-30;45474.021
N;Norte;2025-10-01;9145.47375
NE;Nordeste;2025-10-01;13073.18658333
S;Sul;2025-10-01;13379.38545833
SE;Sudeste/Centro-Oeste;2025-10-01;45323.191
N;Norte;2025-10-02;9036.18875
NE;Nordeste;2025-10-02;13105.20908333
S;Sul;2025-10-02;13374.573875
SE;Sudeste/Centro-Oeste;2025-10-02;45240.78283333
N;Norte;2025-10-03;9283.7635
NE;Nordeste;2025-10-03;12950.16266667
S;Sul;2025-10-03;13578.35004167
SE;Sudeste/Centro-Oeste;2025-10-03;45351.48733333
N;Norte;2025-10-04;8842.224
NE;Nordeste;2025-10-04;12570.332
S;Sul;2025-10-04;11393.32904167
SE;Sudeste/Centro-Oeste;2025-10-04;41813.20220833
N;Norte;2025-10-05;8336.14933333
NE;Nordeste;2025-10-05;11879.96183333
S;Sul;2025-10-05;10723.76733333
SE;Sudeste/Centro-Oeste;2025-10-05;39207.29358333
N;Norte;2025-10-06;8910.532875
NE;Nordeste;2025-10-06;13305.09054167
S;Sul;2025-10-06;14159.10770833
SE;Sudeste/Centro-Oeste;2025-10-06;47368.10983333
N;Norte;2025-10-07;9162.8125
NE;Nordeste;2025-10-07;13551.67075
S;Sul;2025-10-07;13188.50491667
SE;Sudeste/Centro-Oeste;2025-10-07;47525.93920833
N;Norte;2025-10-08;8970.45966667
NE;Nordeste;2025-10-08;13804.956875
S;Sul;2025-10-08;13080.48304167
SE;Sudeste/Centro-Oeste;2025-10-08;45220.648
N;Norte;2025-10-09;9208.73854167
NE;Nordeste;2025-10-09;14105.174375
S;Sul;2025-10-09;12487.34204167
SE;Sudeste/Centro-Oeste;2025-10-09;44971.14341667
N;Norte;2025-10-10;9061.90275
NE;Nordeste;2025-10-10;13519.57833333
S;Sul;2025-10-10;13202.47341667
SE;Sudeste/Centro-Oeste;2025-10-10;44658.59633333
N;Norte;2025-10-11;8628.93079167
NE;Nordeste;2025-10-11;13040.015125
S;Sul;2025-10-11;11486.18841667
SE;Sudeste/Centro-Oeste;2025-10-11;41011.98191667
N;Norte;2025-10-12;8212.74608333
NE;Nordeste;2025-10-12;12270.2665
S;Sul;2025-10-12;10435.91479167
SE;Sudeste/Centro-Oeste;2025-10-12;38661.73279167
N;Norte;2025-10-13;8950.43258333
NE;Nordeste;2025-10-13;13869.76866667
S;Sul;2025-10-13;12995.99775
SE;Sudeste/Centro-Oeste;2025-10-13;45987.354
N;Norte;2025-10-14;8910.073
NE;Nordeste;2025-10-14;13734.19316667
S;Sul;2025-10-14;13098.061125
SE;Sudeste/Centro-Oeste;2025-10-14;46158.71841667
N;Norte;2025-10-15;8809.637875
NE;Nordeste;2025-10-15;13538.4895
S;Sul;2025-10-15;13551.36566667
SE;Sudeste/Centro-Oeste;2025-10-15;45272.67695833
N;Norte;2025-10-16;9127.812375
NE;Nordeste;2025-10-16;13574.86295833
S;Sul;2025-10-16;14202.46454167
SE;Sudeste/Centro-Oeste;2025-10-16;46159.69575
N;Norte;2025-10-17;9341.99491667
NE;Nordeste;2025-10-17;13710.96241667
S;Sul;2025-10-17;13904.94304167
SE;Sudeste/Centro-Oeste;2025-10-17;47812.44925
N;Norte;2025-10-18;9085.05508333
NE;Nordeste;2025-10-18;13789.90133333
S;Sul;2025-10-18;11588.692
SE;Sudeste/Centro-Oeste;2025-10-18;44310.048875
N;Norte;2025-10-19;8510.74466667
NE;Nordeste;2025-10-19;12617.094875
S;Sul;2025-10-19;9685.35566667
SE;Sudeste/Centro-Oeste;2025-10-19;37169.76925
N;Norte;2025-10-20;8951.16808333
NE;Nordeste;2025-10-20;13911.95041667
S;Sul;2025-10-20;12525.27358333
SE;Sudeste/Centro-Oeste;2025-10-20;40340.77841667
N;Norte;2025-10-21;8862.43345833
NE;Nordeste;2025-10-21;13812.095375
S;Sul;2025-10-21;12902.10829167
SE;Sudeste/Centro-Oeste;2025-10-21;40420.62275
N;Norte;2025-10-22;8795.56391667
NE;Nordeste;2025-10-22;13183.36029167
S;Sul;2025-10-22;13254.43720833
SE;Sudeste/Centro-Oeste;2025-10-22;40662.95429167
N;Norte;2025-10-23;8816.38483333
NE;Nordeste;2025-10-23;13147.58583333
S;Sul;2025-10-23;13606.124875
SE;Sudeste/Centro-Oeste;2025-10-23;41267.891375
N;Norte;2025-10-24;8879.133625
NE;Nordeste;2025-10-24;13310.69566667
S;Sul;2025-10-24;13835.729125
SE;Sudeste/Centro-Oeste;2025-10-24;42372.49933333
N;Norte;2025-10-25;8697.90108333
NE;Nordeste;2025-10-25;12701.014625
S;Sul;2025-10-25;12370.56904167
SE;Sudeste/Centro-Oeste;2025-10-25;41042.48008333
N;Norte;2025-10-26;8405.31933333
NE;Nordeste;2025-10-26;11885.78525
S;Sul;2025-10-26;10905.85279167
SE;Sudeste/Centro-Oeste;2025-10-26;39394.11754167
N;Norte;2025-10-27;9113.113625
NE;Nordeste;2025-10-27;13068.209375
S;Sul;2025-10-27;13686.86791667
SE;Sudeste/Centro-Oeste;2025-10-27;45149.77225
N;Norte;2025-10-28;9500.11075
NE;Nordeste;2025-10-28;13493.45483333
S;Sul;2025-10-28;14461.09308333
SE;Sudeste/Centro-Oeste;2025-10-28;45894.49558333
N;Norte;2025-10-29;9363.29170833
NE;Nordeste;2025-10-29;13867.508375
S;Sul;2025-10-29;13414.57125
SE;Sudeste/Centro-Oeste;2025-10-29;46803.11366667
N;Norte;2025-10-30;9402.66316667
NE;Nordeste;2025-10-30;14247.746875
S;Sul;2025-10-30;13399.05879167
SE;Sudeste/Centro-Oeste;2025-10-30;45600.37983333
N;Norte;2025-10-31;9210.80045833
NE;Nordeste;2025-10-31;14238.11145833
S;Sul;2025-10-31;13088.98583333
SE;Sudeste/Centro-Oeste;2025-10-31;43929.88004167
N;Norte;2025-11-01;8905.80445833
NE;Nordeste;2025-11-01;13273.95325
S;Sul;2025-11-01;11609.22479167
SE;Sudeste/Centro-Oeste;2025-11-01;40827.64545833
N;Norte;2025-11-02;8499.41966667
NE;Nordeste;2025-11-02;12330.19525
S;Sul;2025-11-02;10375.7605
SE;Sudeste/Centro-Oeste;2025-11-02;38919.66691667
N;Norte;2025-11-03;9042.48254167
NE;Nordeste;2025-11-03;13827.46208333
S;Sul;2025-11-03;13763.00070833
SE;Sudeste/Centro-Oeste;2025-11-03;44463.189875
N;Norte;2025-11-04;9111.93975
NE;Nordeste;2025-11-04;13938.27745833
S;Sul;2025-11-04;14547.559625
SE;Sudeste/Centro-Oeste;2025-11-04;45497.67016667
N;Norte;2025-11-05;9353.13591667
NE;Nordeste;2025-11-05;14840.66404167
S;Sul;2025-11-05;14964.99033333
SE;Sudeste/Centro-Oeste;2025-11-05;46878.37379167
N;Norte;2025-11-06;9073.24483333
NE;Nordeste;2025-11-06;14801.76266667
S;Sul;2025-11-06;14044.43529167
SE;Sudeste/Centro-Oeste;2025-11-06;45241.21908333
N;Norte;2025-11-07;8890.398875
NE;Nordeste;2025-11-07;14580.57879167
S;Sul;2025-11-07;14261.977125
SE;Sudeste/Centro-Oeste;2025-11-07;45166.28045833
N;Norte;2025-11-08;8938.318625
NE;Nordeste;2025-11-08;13539.57675
S;Sul;2025-11-08;11396.75370833
SE;Sudeste/Centro-Oeste;2025-11-08;42119.55708333
N;Norte;2025-11-09;8794.16841667
NE;Nordeste;2025-11-09;12948.62225
S;Sul;2025-11-09;9812.64875
SE;Sudeste/Centro-Oeste;2025-11-09;36797.44070833
N;Norte;2025-11-10;9214.02066667
NE;Nordeste;2025-11-10;14293.939
S;Sul;2025-11-10;12732.72595833
SE;Sudeste/Centro-Oeste;2025-11-10;41871.22454167
N;Norte;2025-11-11;8838.3715
NE;Nordeste;2025-11-11;13974.30091667
S;Sul;2025-11-11;13422.90991667
SE;Sudeste/Centro-Oeste;2025-11-11;43876.70904167
N;Norte;2025-11-12;8911.98745833
NE;Nordeste;2025-11-12;13900.02241667
S;Sul;2025-11-12;14701.248
SE;Sudeste/Centro-Oeste;2025-11-12;45393.72658333
N;Norte;2025-11-13;8969.44054167
NE;Nordeste;2025-11-13;13900.91470833
S;Sul;2025-11-13;14444.39325
SE;Sudeste/Centro-Oeste;2025-11-13;46662.62329167
N;Norte;2025-11-14;9170.71270833
NE;Nordeste;2025-11-14;13779.11483333
S;Sul;2025-11-14;14388.01270833
SE;Sudeste/Centro-Oeste;2025-11-14;46683.30345833
N;Norte;2025-11-15;8812.4235
NE;Nordeste;2025-11-15;13001.80729167
S;Sul;2025-11-15;12497.602625
SE;Sudeste/Centro-Oeste;2025-11-15;41608.78220833
N;Norte;2025-11-16;8792.49145833
NE;Nordeste;2025-11-16;12625.61825
S;Sul;2025-11-16;11853.294375
SE;Sudeste/Centro-Oeste;2025-11-16;40388.653
N;Norte;2025-11-17;9453.44029167
NE;Nordeste;2025-11-17;14162.67145833
S;Sul;2025-11-17;13849.52808333
SE;Sudeste/Centro-Oeste;2025-11-17;47603.75304167
N;Norte;2025-11-18;9449.90383333
NE;Nordeste;2025-11-18;14948.72058333
S;Sul;2025-11-18;13889.25075
SE;Sudeste/Centro-Oeste;2025-11-18;47148.26775
N;Norte;2025-11-19;9134.47416667
NE;Nordeste;2025-11-19;15293.640375
S;Sul;2025-11-19;13785.099125
SE;Sudeste/Centro-Oeste;2025-11-19;45158.834125
N;Norte;2025-11-20;8591.29745833
NE;Nordeste;2025-11-20;14039.04179167
S;Sul;2025-11-20;13120.95875
SE;Sudeste/Centro-Oeste;2025-11-20;41903.27658333
N;Norte;2025-11-21;8803.20216667
NE;Nordeste;2025-11-21;13787.47295833
S;Sul;2025-11-21;14092.56445833
SE;Sudeste/Centro-Oeste;2025-11-21;44822.17170833
N;Norte;2025-11-22;8751.88933333
NE;Nordeste;2025-11-22;13037.88925
S;Sul;2025-11-22;12731.36133333
SE;Sudeste/Centro-Oeste;2025-11-22;44059.17166667
N;Norte;2025-11-23;8628.12679167
NE;Nordeste;2025-11-23;12356.42583333
S;Sul;2025-11-23;11080.268125
SE;Sudeste/Centro-Oeste;2025-11-23;40642.54433333
N;Norte;2025-11-24;9181.98383333
NE;Nordeste;2025-11-24;13976.10825
S;Sul;2025-11-24;13923.07979167
SE;Sudeste/Centro-Oeste;2025-11-24;45204.07183333
N;Norte;2025-11-25;9146.37483333
NE;Nordeste;2025-11-25;14460.00383333
S;Sul;2025-11-25;14891.31808333
SE;Sudeste/Centro-Oeste;2025-11-25;44803.89445833
N;Norte;2025-11-26;9145.57183333
NE;Nordeste;2025-11-26;14343.07470833
S;Sul;2025-11-26;15377.80404167
SE;Sudeste/Centro-Oeste;2025-11-26;45031.875625
N;Norte;2025-11-27;9246.79804167
NE;Nordeste;2025-11-27;14545.61391667
S;Sul;2025-11-27;15673.53841667
SE;Sudeste/Centro-Oeste;2025-11-27;45668.05675
N;Norte;2025-11-28;9264.862
NE;Nordeste;2025-11-28;14313.71125
S;Sul;2025-11-28;16484.15570833
SE;Sudeste/Centro-Oeste;2025-11-28;46945.022375
N;Norte;2025-11-29;8827.08095833
NE;Nordeste;2025-11-29;13143.782625
S;Sul;2025-11-29;14201.07358333
SE;Sudeste/Centro-Oeste;2025-11-29;44041.74366667
N;Norte;2025-11-30;8216.63116667
NE;Nordeste;2025-11-30;12475.10358333
S;Sul;2025-11-30;12680.55079167
SE;Sudeste/Centro-Oeste;2025-11-30;41679.84
N;Norte;2025-12-01;8948.95995833
NE;Nordeste;2025-12-01;13843.47441667
S;Sul;2025-12-01;15464.93779167
SE;Sudeste/Centro-Oeste;2025-12-01;49317.68354167
N;Norte;2025-12-02;9015.72104167
NE;Nordeste;2025-12-02;14130.81191667
S;Sul;2025-12-02;15877.16708333
SE;Sudeste/Centro-Oeste;2025-12-02;49717.447625
N;Norte;2025-12-03;8970.33895833
NE;Nordeste;2025-12-03;14219.31720833
S;Sul;2025-12-03;16012.14708333
SE;Sudeste/Centro-Oeste;2025-12-03;48805.0015
N;Norte;2025-12-04;8842.50508333
NE;Nordeste;2025-12-04;14251.69816667
S;Sul;2025-12-04;16021.91154167
SE;Sudeste/Centro-Oeste;2025-12-04;47123.823375
N;Norte;2025-12-05;8852.23908333
NE;Nordeste;2025-12-05;14463.47554167
S;Sul;2025-12-05;16462.60870833
SE;Sudeste/Centro-Oeste;2025-12-05;46304.83945833
N;Norte;2025-12-06;8611.11583333
NE;Nordeste;2025-12-06;13225.80854167
S;Sul;2025-12-06;15135.082
SE;Sudeste/Centro-Oeste;2025-12-06;44083.91879167
N;Norte;2025-12-07;8113.43466667
NE;Nordeste;2025-12-07;12206.60570833
S;Sul;2025-12-07;14305.72333333
SE;Sudeste/Centro-Oeste;2025-12-07;41485.27795833
N;Norte;2025-12-08;8429.617875
NE;Nordeste;2025-12-08;13579.15716667
S;Sul;2025-12-08;16865.43458333
SE;Sudeste/Centro-Oeste;2025-12-08;47039.65779167
N;Norte;2025-12-09;8924.98566667
NE;Nordeste;2025-12-09;13859.425625
S;Sul;2025-12-09;15278.58829167
SE;Sudeste/Centro-Oeste;2025-12-09;46979.761125
N;Norte;2025-12-10;9069.51691667
NE;Nordeste;2025-12-10;14096.32379167
S;Sul;2025-12-10;14451.02525
SE;Sudeste/Centro-Oeste;2025-12-10;46008.13933333
N;Norte;2025-12-11;9095.487375
NE;Nordeste;2025-12-11;14357.70033333
S;Sul;2025-12-11;14675.96775
SE;Sudeste/Centro-Oeste;2025-12-11;47592.01625
N;Norte;2025-12-12;9070.89445833
NE;Nordeste;2025-12-12;14368.79179167
S;Sul;2025-12-12;15314.39625
SE;Sudeste/Centro-Oeste;2025-12-12;48636.02570833
N;Norte;2025-12-13;8774.96725
NE;Nordeste;2025-12-13;13339.92345833
S;Sul;2025-12-13;13272.86808333
SE;Sudeste/Centro-Oeste;2025-12-13;44699.28816667
N;Norte;2025-12-14;8404.67304167
NE;Nordeste;2025-12-14;12459.96441667
S;Sul;2025-12-14;12973.27395833
SE;Sudeste/Centro-Oeste;2025-12-14;40641.682875
N;Norte;2025-12-15;8813.484125
NE;Nordeste;2025-12-15;13936.64183333
S;Sul;2025-12-15;16091.16158333
SE;Sudeste/Centro-Oeste;2025-12-15;48081.393625
N;Norte;2025-12-16;8793.12454167
NE;Nordeste;2025-12-16;14092.32004167
S;Sul;2025-12-16;15136.525125
SE;Sudeste/Centro-Oeste;2025-12-16;49292.85816667
N;Norte;2025-12-17;8906.49225
NE;Nordeste;2025-12-17;13841.42220833
S;Sul;2025-12-17;14451.40508333
SE;Sudeste/Centro-Oeste;2025-12-17;44702.10645833
N;Norte;2025-12-18;8781.09904167
NE;Nordeste;2025-12-18;13962.28008333
S;Sul;2025-12-18;14941.33958333
SE;Sudeste/Centro-Oeste;2025-12-18;43268.7085
N;Norte;2025-12-19;8461.88391667
NE;Nordeste;2025-12-19;13943.680875
S;Sul;2025-12-19;15434.10020833
SE;Sudeste/Centro-Oeste;2025-12-19;43503.36895833
N;Norte;2025-12-20;8102.03033333
NE;Nordeste;2025-12-20;13448.70266667
S;Sul;2025-12-20;14189.31841667
SE;Sudeste/Centro-Oeste;2025-12-20;40805.78441667
N;Norte;2025-12-21;7527.265
NE;Nordeste;2025-12-21;12604.42329167
S;Sul;2025-12-21;13673.58670833
SE;Sudeste/Centro-Oeste;2025-12-21;39314.99495833
N;Norte;2025-12-22;8098.650625
NE;Nordeste;2025-12-22;13566.34829167
S;Sul;2025-12-22;15539.71229167
SE;Sudeste/Centro-Oeste;2025-12-22;45233.63054167
N;Norte;2025-12-23;7953.361125
NE;Nordeste;2025-12-23;13308.69679167
S;Sul;2025-12-23;15567.43029167
SE;Sudeste/Centro-Oeste;2025-12-23;47066.55091667
N;Norte;2025-12-24;7579.370375
NE;Nordeste;2025-12-24;12503.08270833
S;Sul;2025-12-24;13759.068
SE;Sudeste/Centro-Oeste;2025-12-24;44867.482375
N;Norte;2025-12-25;7022.985125
NE;Nordeste;2025-12-25;11593.10566667
S;Sul;2025-12-25;11751.12820833
SE;Sudeste/Centro-Oeste;2025-12-25;40745.18591667
N;Norte;2025-12-26;7972.05879167
NE;Nordeste;2025-12-26;13070.49291667
S;Sul;2025-12-26;13691.55504167
SE;Sudeste/Centro-Oeste;2025-12-26;46933.097375
N;Norte;2025-12-27;8257.88795833
NE;Nordeste;2025-12-27;13144.87941667
S;Sul;2025-12-27;13908.896125
SE;Sudeste/Centro-Oeste;2025-12-27;46604.419625
N;Norte;2025-12-28;8021.48054167
NE;Nordeste;2025-12-28;12835.50583333
S;Sul;2025-12-28;13003.06029167
SE;Sudeste/Centro-Oeste;2025-12-28;44605.56625
N;Norte;2025-12-29;8140.71416667
NE;Nordeste;2025-12-29;14392.15208333
S;Sul;2025-12-29;13859.39625
SE;Sudeste/Centro-Oeste;2025-12-29;48437.28425
N;Norte;2025-12-30;8079.16204167
NE;Nordeste;2025-12-30;14220.89291667
S;Sul;2025-12-30;13401.77466667
SE;Sudeste/Centro-Oeste;2025-12-30;49242.02170833
N;Norte;2025-12-31;7940.82241667
NE;Nordeste;2025-12-31;13847.36875
S;Sul;2025-12-31;12611.9
SE;Sudeste/Centro-Oeste;2025-12-31;45239.72320833
